product_name,product_description,price,photo,brand,stock_quantity,supplier_id,category_id
cost,Wide end table research. Air nearly event half. Wish trouble small follow system size.,287.34,https://placekitten.com/474/274,Lowe-Alexander,87,8,13
smile,Develop letter interest century seek direction. Decide want let.,703.5,https://picsum.photos/861/309,"Walton, Anderson and Hansen",2,3,2
mouth,Fact oil hear my different social. Prevent in five capital staff church none.,76.59,https://dummyimage.com/675x142,Curtis-Tapia,20,7,7
rock,Prepare north take bar stop. Pay out nature human offer item step.,763.53,https://dummyimage.com/331x101,"Phillips, Clay and Ware",54,9,7
fast,Month building remain ball father. Degree debate purpose way near.,818.16,https://dummyimage.com/754x309,Nelson-Curtis,83,1,11
he,Air type job grow south. Avoid one reduce hundred wish one exist. Wind customer instead.,318.09,https://picsum.photos/701/352,Hess Inc,90,2,1
ground,Number service current talk. Account student leader miss movement whose close miss.,955.89,https://picsum.photos/573/440,Rasmussen and Sons,80,8,5
find,Later husband despite sound democratic perform bad. Bit run now spring top offer eight.,713.36,https://picsum.photos/294/90,"Davis, Henderson and Kirby",52,6,4
strong,Painting campaign air own. Provide near everyone skill. She message chair find recognize increase.,71.55,https://placekitten.com/305/828,"Fuller, Cook and Green",38,3,5
thus,Explain law continue five. Stage future school catch read six news.,452.02,https://dummyimage.com/486x480,Torres-Chapman,89,7,12
thank,"Project set before take around dream practice.
Level land near fill them current.",95.31,https://picsum.photos/815/497,Whitney-Mueller,100,6,7
include,None left magazine great positive focus race. Too form not environmental. Hand firm movie result.,822.15,https://dummyimage.com/980x329,"Lane, Clark and Reyes",30,5,1
institution,Ago employee rock they benefit crime. Employee range minute large. Prepare recent wear note rise.,708.65,https://placekitten.com/609/471,Whitney and Sons,92,3,7
hospital,Natural environmental agree. Thing contain gas wide.,691.73,https://placekitten.com/256/543,Shaw-King,95,7,14
story,Expect series thank still. Several practice rock require third mean.,59.98,https://placekitten.com/832/937,Ramirez and Sons,72,7,10
thing,Measure Republican similar. Official defense hold experience.,118.56,https://dummyimage.com/140x4,Romero-Buchanan,15,8,9
leave,According record about city recent participant. Without structure ground machine culture us amount.,66.45,https://picsum.photos/940/3,Pineda PLC,73,6,3
opportunity,End forward chance structure. Close history coach campaign see.,663.41,https://placekitten.com/634/518,"Anderson, Moss and Walker",96,8,1
doctor,So few pattern recently less.,344.03,https://dummyimage.com/374x957,Flores-Miller,5,9,1
happy,Personal rather everything statement recent. History pretty Republican seek light.,419.88,https://dummyimage.com/636x227,Young LLC,71,4,12
difference,Above station somebody room bit everybody war. Big scene throw force employee thought.,474.16,https://placekitten.com/934/77,Santiago-Rose,5,1,3
of,Born movement beautiful travel remain lawyer. Cold move available benefit.,261.4,https://placekitten.com/595/232,Hall-Gomez,100,1,2
follow,Girl expert fear that how lot. Child treat light make. As happy different.,131.55,https://dummyimage.com/397x798,"Soto, Burke and Hawkins",65,6,7
break,Paper fly entire open themselves him themselves. Protect goal there rock.,792.74,https://dummyimage.com/517x773,Morales Ltd,98,8,3
peace,Page particular see five situation day almost realize. Here effect think. Perform billion civil.,295.56,https://placekitten.com/155/967,Flores Inc,3,2,3
cut,Glass accept no against feeling. Military movement who prepare sea lose risk. Yard can choose.,291.19,https://placekitten.com/508/615,Sims Group,91,9,4
laugh,Range far manage home everybody. My prepare history without activity various dark.,996.36,https://placekitten.com/1015/336,"Hernandez, Jones and Mathis",99,9,14
citizen,Team American later talk need serious. Owner ago just yard girl level arm.,167.66,https://picsum.photos/355/903,Wilson LLC,26,9,10
surface,History cold artist first. Maintain goal seek amount.,572.15,https://dummyimage.com/791x816,"Burke, Cordova and Cooley",63,4,8
shoulder,Quickly none kid campaign sell or report of. Central production statement lot least of.,626.42,https://placekitten.com/222/842,Kelley-Stevenson,18,4,2
couple,Often at first your in. Somebody true indeed spring use appear result.,180.32,https://picsum.photos/74/341,Gordon and Sons,91,9,9
officer,Forward south example coach shoulder often factor. Crime type record feeling.,749.85,https://picsum.photos/249/245,"Shea, Khan and Levy",9,7,5
shake,Day election next. Task leader get suggest person western employee.,51.67,https://picsum.photos/856/340,"Moreno, Rios and Lane",67,9,9
about,Television eat and where artist time push. Opportunity perhaps cell level find conference.,365.86,https://placekitten.com/873/359,"Anderson, Douglas and Gonzales",82,6,4
subject,Yet market quite item. Majority paper hand white right serious.,523.2,https://placekitten.com/39/702,"Turner, Nguyen and Stone",97,2,14
effort,Stand now really under beat air career. Standard responsibility real market a.,233.66,https://picsum.photos/393/662,"Strong, Campbell and Allen",53,1,4
according,Eat less whatever of age pull. Week specific have food. Age story society provide add treatment.,971.82,https://placekitten.com/605/526,Bennett Inc,31,3,1
yet,"Method important head lay city class. Four south someone type.
Have raise another any car actually.",706.78,https://picsum.photos/233/539,"Lopez, Kane and Garcia",61,9,4
son,We check letter successful analysis. Leg month lot shoulder.,247.22,https://placekitten.com/509/26,Blackburn-Bell,57,4,3
amount,Force country future blood east. Song administration reveal usually.,660.9,https://placekitten.com/654/150,Bryant Inc,91,7,3
member,Family month series. Seem family news each large.,433.65,https://placekitten.com/548/200,"Myers, Hernandez and Olson",17,8,8
similar,Else hundred thank college open. Democratic data now image.,902.85,https://picsum.photos/100/165,Daniels Inc,49,1,10
hope,Enjoy wish affect artist. Tonight start represent market soldier.,846.91,https://placekitten.com/687/718,"Mahoney, Miller and Williams",21,9,12
during,Because measure occur. By political ask likely position still. Hold know impact space.,461.85,https://picsum.photos/831/368,Le-Schaefer,72,9,4
government,Magazine attorney night. Hope race continue event well. Son night follow media beat standard.,470.45,https://placekitten.com/473/92,Barton-Odom,63,1,3
risk,Rate itself movement short school girl either lay. Benefit about election find economic people now.,533.94,https://placekitten.com/319/103,Myers and Sons,59,2,10
whole,Anything fire military trouble early.,850.71,https://picsum.photos/829/666,"Morris, Ramirez and Carrillo",48,4,4
purpose,Now science better blue. Nearly edge show low court event identify.,981.45,https://picsum.photos/738/642,Lee LLC,80,8,13
whatever,Effort foreign not here. Crime owner brother culture.,514.11,https://picsum.photos/249/382,"Morrison, Martinez and Diaz",79,3,6
lay,Sense reach image would. Every reason clearly animal. Hundred reflect Mrs debate down.,954.35,https://dummyimage.com/330x973,"Hill, Wagner and Allen",81,9,9
personal,Ever push rich avoid family fight personal. Growth month appear air growth.,622.9,https://dummyimage.com/68x364,"Spears, Garner and Brooks",74,7,13
reveal,Member thousand ok audience interview. Again third hair government them heart.,856.25,https://placekitten.com/371/174,Drake-Diaz,46,7,6
federal,He American they near smile. Give him manager hit fund. Time leave hand boy some want yes.,352.39,https://picsum.photos/618/255,Phelps-Gray,78,4,13
among,"Expert agree light a require own.
Continue remain someone state. I unit six occur guess.",629.92,https://placekitten.com/118/614,"Rivera, Clark and Mcguire",93,8,2
American,People agreement shoulder ten federal. Well not region also. Science free might yet draw.,711.98,https://placekitten.com/352/563,"Harper, Sandoval and Colon",8,1,5
top,Teacher site partner tend week democratic argue three. Exist husband design technology.,926.41,https://picsum.photos/805/776,Wall-Morrow,69,1,3
now,Detail resource of actually simply others natural. Least enjoy career along.,92.91,https://picsum.photos/153/162,"Weber, Miles and Knight",2,1,12
commercial,Space himself politics TV even their manager. Series science list.,453.61,https://dummyimage.com/310x637,Adams and Sons,4,9,14
travel,Buy use hospital sing tree player career mother. Growth buy onto first.,909.68,https://dummyimage.com/229x867,Grant-Wheeler,12,1,11
reach,Different kitchen your share. Able matter space only. Close also employee particular who.,676.16,https://picsum.photos/880/980,"Wells, Johnson and Horne",31,3,4
safe,Pass free treatment large. Different political officer find speech job.,455.96,https://picsum.photos/202/888,"Washington, Lee and Madden",100,6,12
table,Effort play occur hard audience.,292.81,https://dummyimage.com/196x109,Rodriguez-Kline,35,3,13
carry,At before ask science until people what lawyer. Company hand thousand list position.,860.1,https://picsum.photos/792/937,"Reyes, Clark and Fernandez",37,1,11
value,Few charge world result. Teach beat level data matter trouble industry.,309.43,https://picsum.photos/902/418,"Oconnell, Flores and Vance",5,8,7
account,Machine reality site gun. Dinner that image rise stage. Ever word teacher.,817.32,https://placekitten.com/841/416,Moore Inc,91,2,1
floor,Maintain term wife sing book beautiful ahead. Begin class either pressure white mother at politics.,336.37,https://dummyimage.com/481x116,Oconnor Inc,74,3,11
help,Commercial image ahead later stock issue lay operation. Or truth heart edge.,608.12,https://dummyimage.com/88x856,"Keller, Fry and Webster",67,5,11
speak,Talk another at later. Believe apply administration machine energy.,881.31,https://placekitten.com/515/351,Burns Group,9,2,9
read,A method want notice listen well. Official sister deep daughter.,851.87,https://picsum.photos/313/700,"Torres, Gordon and Thompson",19,3,12
notice,Serious sense we month. Dream forward himself computer part act tell name.,531.14,https://picsum.photos/938/184,Jackson Inc,51,6,3
tonight,Discussion view hospital why growth occur along. Join Democrat relationship decade.,647.02,https://dummyimage.com/562x274,"Wong, Liu and James",32,3,3
if,Determine great son social child bill. We individual sort program energy including yes son.,363.17,https://dummyimage.com/487x797,"Davidson, Walsh and Baker",42,4,3
can,End sense eat game according author among behavior. Commercial investment body laugh wall.,496.62,https://picsum.photos/182/427,Perez-Campbell,6,7,3
discussion,Hundred place which cause. Nation mind resource mind race we pattern.,411.97,https://picsum.photos/635/704,Fuentes PLC,61,3,5
within,Coach much movie doctor race decide my medical. Conference away both do within agree available.,399.26,https://dummyimage.com/556x60,Hart-Hunt,14,4,3
work,Which in son career maintain. Though civil television radio very environmental.,267.89,https://dummyimage.com/845x527,Barber PLC,19,4,12
song,Business expect away draw sport whose. Show large its movement.,591.36,https://dummyimage.com/784x949,Aguilar-Rhodes,61,6,13
often,Within me today beyond official among live. Campaign section after range allow could.,413.36,https://placekitten.com/11/803,Nguyen Inc,10,3,7
region,Individual military sea movement general remain. Interview somebody college think.,735.13,https://picsum.photos/461/776,Thompson-Carson,86,2,3
onto,Discussion maybe possible blue personal crime dark. Hand risk enjoy read. Allow growth only any.,575.09,https://picsum.photos/30/838,Lopez PLC,69,1,14
sign,Always building it never mouth heart eat those. About wear deep cold tough.,422.94,https://placekitten.com/49/796,"Rivas, Jones and Williams",88,3,8
professional,Determine year sometimes common business. Record south last much agreement mention thought.,860.6,https://picsum.photos/818/29,Frank-Gomez,9,3,8
over,Stand lay he site. Avoid conference source factor. Right can change call high imagine.,197.68,https://dummyimage.com/637x963,Lambert-Miller,25,6,3
offer,Quality avoid perhaps four score. Foot sort clearly political according. Meeting son town.,645.95,https://placekitten.com/654/914,Herring-Jenkins,64,8,8
there,Heart structure far coach our. Office field generation place sport social.,988.26,https://placekitten.com/892/357,Burke and Sons,37,4,3
cause,Firm money nothing glass. Short but tree. Put popular leave before staff.,54.71,https://picsum.photos/44/120,Stevens-Nunez,23,3,8
record,Itself idea so firm dinner. View direction process ok.,933.77,https://picsum.photos/65/834,Vasquez LLC,36,4,8
day,Shake others price. Mother if garden international far. Thousand assume account then science.,442.63,https://dummyimage.com/571x928,Lewis-Cook,81,9,1
by,Partner prevent floor. Then agreement west church. State stuff agreement by them.,443.98,https://placekitten.com/968/504,"Snyder, Martin and Baker",57,4,13
factor,How many charge. Under establish cut new rich finish present.,834.02,https://placekitten.com/673/667,"Vasquez, King and Fuentes",81,9,7
result,Sea what project seven land citizen friend. Evidence dream draw figure.,924.55,https://placekitten.com/202/161,Tapia-Miller,68,1,2
type,Room house them computer executive three relate. Way TV single service interview student.,424.66,https://dummyimage.com/918x920,Rogers-King,39,3,1
end,Wall move add recognize. Issue reach prepare guy protect life candidate.,467.84,https://picsum.photos/106/885,Marsh Inc,72,3,5
rather,Ground week animal why. Yeah other child move. Let president social him leave process only.,518.53,https://picsum.photos/619/133,Washington Inc,33,2,3
share,Away explain two mention full environment. Agency brother model memory.,723.13,https://dummyimage.com/792x262,Wells Inc,61,6,1
from,Hour relationship bit free. Choice appear use oil.,463.97,https://dummyimage.com/972x847,Blanchard Group,99,8,5
particular,Strong raise work time TV apply at. Little if that TV democratic line treatment.,104.56,https://placekitten.com/951/582,Peterson Group,73,3,2
left,Democratic light side board rich ready.,592.86,https://placekitten.com/967/7,Mcintyre LLC,25,3,3
you,Cover memory smile. Note national apply look fight be before outside.,931.46,https://placekitten.com/186/311,Green Group,87,4,10
ability,Ball then glass citizen guess language book play. Continue if none move possible their.,386.18,https://dummyimage.com/726x466,"Suarez, Cunningham and Vazquez",7,2,10
